{"cameraMode":{"drawMode":0,"name":"Shaded","section":"Shading Mode"},"sceneLighting":true,"audioPlay":false,"sceneViewState":{"m_AlwaysRefresh":false,"showFog":true,"showSkybox":true,"showFlares":true,"showImageEffects":true,"showParticleSystems":true,"showVisualEffectGraphs":true,"m_FxEnabled":true},"in2DMode":false,"pivot":{"x":0.92674720287323,"y":-0.02284342050552368,"z":-1.4487216472625733},"rotation":{"x":-0.02020268514752388,"y":-0.9786755442619324,"z":0.1662934124469757,"w":-0.11889490485191345},"size":3.8307180404663088,"orthographic":false}